"Batch","Sample","DTS.NO","Sample.mass","Residue.Weight","Protein.titre","Ash.calc","Calculated.Fibre"
"15-0001","Standard","55N","1.006","198.999999999998","3.3429",NA,"0.162004959801679"
"15-0001","Standard","55N","1.0059","199.800000000003",NA,"4.6999999999997",NA
"15-0002","Standard","55N","1.0048","200.499999999998","3.7384",NA,"0.163827491231348"
"15-0002","Standard","55N","1.0052","208.199999999998",NA,"0.499999999995282",NA
"15-0003","Standard","55N","1.0082","201.599999999999","3.7703",NA,"0.16308707808549"
"15-0003","Standard","55N","1.0085","209.800000000001",NA,"4.50000000000017",NA
"15-0005","Standard","55N","1.0052","204.900000000002","3.6327",NA,"0.165758555439484"
"15-0005","Standard","55N","1.0051","205.500000000001",NA,"3.10000000000343",NA
"15-0006","Standard","55N","1.0034","212.000000000003","3.70398",NA,"0.158768113998248"
"15-0006","Standard","55N","1.0031","201.2",NA,"5.30000000000541",NA
"15-0007","Standard","55N","1.0035","210.700000000003","3.8022",NA,"0.160852854906838"
"15-0007","Standard","55N","1.009","195",NA,"4.50000000000017",NA
"15-0009","Standard","55N","1.004","205.399999999997","4.991",NA,"0.155522922558876"
"15-0009","Standard","55N","1.0043","211.099999999995",NA,"5.60000000000116",NA
"15-0010","Standard","55N","1.0028","201.899999999995","3.586081",NA,"0.158966133985909"
"15-0010","Standard","55N","1.0027","203.599999999994",NA,"7.10000000000122",NA
"15-0011","Standard","55N","1.0092","201.300000000003","3.5345",NA,"0.166779455597158"
"15-0011","Standard","55N","1.007","200.499999999998",NA,"2.09999999999866",NA
"15-0012","Standard","55N","1.0064","201.700000000002","3.5099",NA,"0.16905221367362"
"15-0012","Standard","55N","1.0066","199.9",NA,"4.50000000000017",NA
"15-0013","Standard","55N","1.0056","198","3.8514",NA,"0.156061804464551"
"15-0013","Standard","55N","1.0058","202.800000000003",NA,"5.00000000000256",NA
"15-0015","Standard","55N","1.008","207.799999999999","3.8317",NA,"0.162402095480686"
"15-0015","Standard","55N","1.0089","203.600000000002",NA,"3.30000000000297",NA
"15-0016","Standard","55N","1.0025","210.699999999996","3.758017",NA,"0.167631494158524"
"15-0016","Standard","55N","1.0032","210.500000000003",NA,"2.80000000000058",NA
"15-0017","Standard","55N","1.0007","209.699999999998","3.5319",NA,"0.167885461561522"
"15-0017","Standard","55N","1.0012","207.900000000002",NA,"3.39999999999918",NA
"15-0019","Standard","55N","1.0034","209.599999999995","3.7554",NA,"0.170808437001895"
"15-0019","Standard","55N","1.0042","207.699999999996",NA,"0.499999999995282",NA
"15-0020","Standard","55N","1.0055","200.899999999997","3.6057",NA,"0.167477581200293"
"15-0020","Standard","55N","1.0065","202.099999999994",NA,"3.99999999999778",NA
"15-0021","Standard","55N","1.0046","209.000000000003","3.8661",NA,"0.160991642460678"
"15-0021","Standard","55N","1.0042","203.600000000002",NA,"4.39999999999685",NA
"15-0022","Standard","55N","1.004","205.000000000005","3.77521",NA,"0.162923962931278"
"15-0022","Standard","55N","1.0046","207.599999999999",NA,"6.49999999999551",NA
"15-0023","Standard","55N","1.0047","208.800000000004","3.7531",NA,"0.165554828611967"
"15-0023","Standard","55N","1.0039","208.300000000001",NA,"4.60000000000349",NA
"15-0025","Standard","55N","1.0019","203.600000000002","3.2176",NA,"0.1688797571507"
"15-0025","Standard","55N","1.0014","207.799999999999",NA,"6.00000000000023",NA
"15-0026","Standard","55N","1.0049","209.399999999995","3.4412",NA,"0.165560476397734"
"15-0026","Standard","55N","1.0055","212.800000000001",NA,"6.90000000000168",NA
"15-0027","Standard","55N","1.0054","196.399999999997","3.5084",NA,"0.16184635961203"
"15-0027","Standard","55N","1.0051","205.300000000001",NA,"4.80000000000302",NA
"15-0028","Standard","55N","1.0067","200.400000000002","3.6868",NA,"0.159493859819129"
"15-0028","Standard","55N","1.0057","200.600000000001",NA,"4.50000000000017",NA
"15-0029","Standard","55N","1.0032","202.500000000001",NA,NA,"java.lang.IllegalStateException: Cannot get a boolean value from a error formula cell"
"15-0029","Standard","55N","1.0038","201.099999999997",NA,"",NA
"15-0030","Standard","55N","1.0037","202.999999999996","3.5123",NA,"0.16396764548353"
"15-0030","Standard","55N","1.0034","200.499999999998",NA,"3.69999999999493",NA
"15-0032","Standard","55N","1.0024","200.200000000002","3.6848",NA,"0.155404706674645"
"15-0032","Standard","55N","1.0022","196.7",NA,"6.30000000000308",NA
"15-0033","Standard","55N","1.0045","207.899999999995","3.3994",NA,"0.166832101424012"
"15-0033","Standard","55N","1.0039","204.2",NA,"5.70000000000448",NA
"15-0034","Standard","55N","1.0022","208.999999999996","4.9078",NA,"0.152743285757061"
"15-0034","Standard","55N","1.0016","204.999999999998",NA,"4.1000000000011",NA
"15-0035","Standard","55N","1.0028","200.800000000001","3.6106",NA,"0.160622207572802"
"15-0035","Standard","55N","1.0024","201.000000000001",NA,"6.10000000000355",NA
"15-0037","Standard","55N","1.005","205.699999999993","3.925",NA,"0.157548799698939"
"15-0037","Standard","55N","1.0046","198.900000000002",NA,"5.30000000000541",NA
"15-0038","Standard","55N","1.0061","202.7","3.9103",NA,"0.157750418219772"
"15-0038","Standard","55N","1.006","200.199999999995",NA,"3.99999999999778",NA
"15-0039","Standard","55N","1.0039","201.899999999995","3.426427",NA,"0.163909169159443"
"15-0039","Standard","55N","1.0034","204.599999999999",NA,"4.1000000000011",NA
"15-0040","Standard","55N","1.0061","214.9","3.8886",NA,"0.16427501354913"
"15-0040","Standard","55N","1.0051","205.500000000001",NA,"5.09999999999877",NA
"15-0041","Standard","55N","1.0083","217.099999999995","4.5825",NA,"0.1660403303992"
"15-0041","Standard","55N","1.0082","216.299999999997",NA,"3.79999999999825",NA
"15-0042","Standard","55N","1.0078","195.900000000002","3.5713",NA,"0.171579021375047"
"15-0042","Standard","55N","1.0074","178.200000000004",NA,"-22.5999999999971",NA
"15-0043","Standard","55N","1.0008","206.099999999999","3.6064",NA,"0.165807559440558"
"15-0043","Standard","55N","1.0012","212.299999999999",NA,"6.00000000000023",NA
"15-0044","Standard","55N","1.0043","207.4","3.4222",NA,"0.167067043317073"
"15-0044","Standard","55N","1.0053","205.500000000001",NA,"3.70000000000203",NA
"15-0045","Standard","55N","1.0002","196.300000000001","3.4457",NA,"0.16611377968008"
"15-0045","Standard","55N","1.0003","201.2",NA,"-2.80000000000058",NA
"15-0046","Standard","55N","1.0075","212.800000000001","3.5868",NA,"0.169806132798928"
"15-0046","Standard","55N","1.0072","212.899999999998",NA,"4.39999999999685",NA
"15-0048","Standard","55N","1.0036","205.500000000001","3.6254",NA,"0.164615437151322"
"15-0048","Standard","55N","1.004","200.299999999999",NA,"3.5000000000025",NA
"15-0049","Standard","55N","1.0042","212.800000000001","3.5868",NA,"0.171361400353474"
"15-0049","Standard","55N","1.0044","214.200000000005",NA,"4.80000000000302",NA
"15-0050","Standard","55N","1.0056","207.900000000002","3.4025",NA,"0.166871783432763"
"15-0050","Standard","55N","1.0059","204.000000000001",NA,"4.50000000000017",NA
"15-0051","Standard","55N","1.0042","200.000000000003","3.7856",NA,"0.15992402210715"
"15-0051","Standard","55N","1.0042","210.299999999997",NA,"6.50000000000261",NA
"15-0053","Standard","55N","1.004","223.600000000005","4.9763",NA,"0.172774150323546"
"15-0053","Standard","55N","1.005","229.700000000001",NA,"4.00000000000489",NA
"15-0055","Standard","55N","1.0057","206.600000000002","3.6652",NA,"0.157441919305531"
"15-0055","Standard","55N","1.0059","200.899999999997",NA,"5.80000000000069",NA
"15-0056","Standard","55N","1.005","207.599999999999","3.7924",NA,"0.164937200517595"
"15-0056","Standard","55N","1.0043","207.499999999996",NA,"4.59999999999638",NA
"15-0057","Standard","55N","1.0062","203.499999999998","5.1482",NA,"0.157521237269614"
"15-0057","Standard","55N","1.0067","203.699999999998",NA,"-2.3000000000053",NA
"15-0058","Standard","55N","1.0076","205.400000000004",NA,NA,"java.lang.IllegalStateException: Cannot get a boolean value from a error formula cell"
"15-0058","Standard","55N","1.0071","201.599999999999",NA,"",NA
"15-0059","Standard","55N","1.0059","",NA,NA,""
"15-0059","Standard","55N","1.0055","",NA,"",NA
"15-0060","Standard","55N","1.0032","",NA,NA,""
"15-0060","Standard","55N","1.0036","",NA,"",NA
"15-0062","Standard","55N","1.0054","",NA,NA,""
"15-0062","Standard","55N","1.0055","",NA,"",NA
